Sistema Sectorial de Información Energética,,,,,,,,,,,,,,,,,,,,,,,,,,,,,,,,,,,,,,,,,,,,,,,,,,,,,,,,,,,,,,,,,,,,,,,,,,,,,,,,,,,,,,,,,,,,,,,,,,,,,,,,,,,,,,,,,,,,,,,,,,,,,,,,,,,,,,,,,,,,,,,,,,,,,,,,,,,,,,,,,,,,,,,,,,,,,,,,,,,,
Sector Eléctrico Nacional,,,,,,,,,,,,,,,,,,,,,,,,,,,,,,,,,,,,,,,,,,,,,,,,,,,,,,,,,,,,,,,,,,,,,,,,,,,,,,,,,,,,,,,,,,,,,,,,,,,,,,,,,,,,,,,,,,,,,,,,,,,,,,,,,,,,,,,,,,,,,,,,,,,,,,,,,,,,,,,,,,,,,,,,,,,,,,,,,,,,
Usuarios de energía eléctrica por tarifa,,,,,,,,,,,,,,,,,,,,,,,,,,,,,,,,,,,,,,,,,,,,,,,,,,,,,,,,,,,,,,,,,,,,,,,,,,,,,,,,,,,,,,,,,,,,,,,,,,,,,,,,,,,,,,,,,,,,,,,,,,,,,,,,,,,,,,,,,,,,,,,,,,,,,,,,,,,,,,,,,,,,,,,,,,,,,,,,,,,,
(número de usuarios),,,,,,,,,,,,,,,,,,,,,,,,,,,,,,,,,,,,,,,,,,,,,,,,,,,,,,,,,,,,,,,,,,,,,,,,,,,,,,,,,,,,,,,,,,,,,,,,,,,,,,,,,,,,,,,,,,,,,,,,,,,,,,,,,,,,,,,,,,,,,,,,,,,,,,,,,,,,,,,,,,,,,,,,,,,,,,,,,,,,
,,,,,,,,,,,,,,,,,,,,,,,,,,,,,,,,,,,,,,,,,,,,,,,,,,,,,,,,,,,,,,,,,,,,,,,,,,,,,,,,,,,,,,,,,,,,,,,,,,,,,,,,,,,,,,,,,,,,,,,,,,,,,,,,,,,,,,,,,,,,,,,,,,,,,,,,,,,,,,,,,,,,,,,,,,,,,,,,,,,,
,REALES-MENSUAL,,,,,,,,,,,,,,,,,,,,,,,,,,,,,,,,,,,,,,,,,,,,,,,,,,,,,,,,,,,,,,,,,,,,,,,,,,,,,,,,,,,,,,,,,,,,,,,,,,,,,,,,,,,,,,,,,,,,,,,,,,,,,,,,,,,,,,,,,,,,,,,,,,,,,,,,,,,,,,,,,,,,,,,,,,,,,,,,,,,
,ene-05,feb-05,mar-05,abr-05,may-05,jun-05,jul-05,ago-05,sep-05,oct-05,nov-05,dic-05,ene-06,feb-06,mar-06,abr-06,may-06,jun-06,jul-06,ago-06,sep-06,oct-06,nov-06,dic-06,ene-07,feb-07,mar-07,abr-07,may-07,jun-07,jul-07,ago-07,sep-07,oct-07,nov-07,dic-07,ene-08,feb-08,mar-08,abr-08,may-08,jun-08,jul-08,ago-08,sep-08,oct-08,nov-08,dic-08,ene-09,feb-09,mar-09,abr-09,may-09,jun-09,jul-09,ago-09,sep-09,oct-09,nov-09,dic-09,ene-10,feb-10,mar-10,abr-10,may-10,jun-10,jul-10,ago-10,sep-10,oct-10,nov-10,dic-10,ene-11,feb-11,mar-11,abr-11,may-11,jun-11,jul-11,ago-11,sep-11,oct-11,nov-11,dic-11,ene-12,feb-12,mar-12,abr-12,may-12,jun-12,jul-12,ago-12,sep-12,oct-12,nov-12,dic-12,ene-13,feb-13,mar-13,abr-13,may-13,jun-13,jul-13,ago-13,sep-13,oct-13,nov-13,dic-13,ene-14,feb-14,mar-14,abr-14,may-14,jun-14,jul-14,ago-14,sep-14,oct-14,nov-14,dic-14,ene-15,feb-15,mar-15,abr-15,may-15,jun-15,jul-15,ago-15,sep-15,oct-15,nov-15,dic-15,ene-16,feb-16,mar-16,abr-16,may-16,jun-16,jul-16,ago-16,sep-16,oct-16,nov-16,dic-16,ene-17,feb-17,mar-17,abr-17,may-17,jun-17,jul-17,ago-17,sep-17,oct-17,nov-17,dic-17,ene-18,feb-18,mar-18,abr-18,may-18,jun-18,jul-18,ago-18,sep-18,oct-18,nov-18,dic-18,ene-19,feb-19,mar-19,abr-19,may-19,jun-19,jul-19,ago-19,sep-19,oct-19,nov-19,dic-19
,,,,,,,,,,,,,,,,,,,,,,,,,,,,,,,,,,,,,,,,,,,,,,,,,,,,,,,,,,,,,,,,,,,,,,,,,,,,,,,,,,,,,,,,,,,,,,,,,,,,,,,,,,,,,,,,,,,,,,,,,,,,,,,,,,,,,,,,,,,,,,,,,,,,,,,,,,,,,,,,,,,,,,,,,,,,,,,,,,,,
Usuarios totales,28079581,28144944,28230343,28316757,28400382,28503936,28586076,28683531,28758967,28816562,28899754,28986133,29033624,29100124,29200902,29262812,29336551,29459667,29552487,29641723,29723327,29820197,29878023,29940461,30047687,30146010,30254139,30360722,30454147,30560606,30657111,30788753,30895100,31002902,31103216,31212771,31342409,31465021,31575343,31705315,31788860,31922978,32004215,32101655,32176828,32271540,32343399,32451254,32540692,32628607,32711910,32792492,32852069,32956837,33029960,33106741,33146743,33211875,33312339,33403081,33440468,33518224,33630306,33698393,33755195,33859137,33947419,34016165,34154388,34241859,34299801,34392503,34488262,34575869,34691680,34768505,34856659,34928899,35019988,35104835,35163163,35252587,35326989,35397198,35470005,35545473,35635097,35718979,35807019,35893843,35986591,36078844,36145109,36222846,36305665,36399804,36500564,36607742,36702008,36796472,36872125,36940101,37028149,37119540,37188859,37274414,37345222,37433693,37534544,37619446,37709829,37800119,37867235,37951187,38028940,38110258,38179747,38268120,38316551,38433775,38526488,38622290,38729727,38829810,38909977,39009008,39114256,39223612,39316783,39414445,39502439,39600630,39711282,39821232,39916235,40024495,40105655,40194371,40305254,40424696,40506439,40590313,40704383,40766173,40911807,41036947,41198967,41335039,41458679,41519900,41721141,41840628,41939319,42051603,42148053,0,N/D,N/D,N/D,N/D,N/D,N/D,N/D,N/D,N/D,N/D,N/D,N/D,N/D,N/D,N/D,N/D,N/D,N/D,N/D,N/D,N/D,N/D,N/D,N/D
Tarifa doméstico,24688205,24745635,24818739,24895544,24965955,25059584,25135594,25224975,25291313,25339530,25408565,25483844,25537584,25597530,25686389,25742253,25807363,25916286,26001849,26082292,26154429,26240359,26292825,26348022,26443035,26524604,26627422,26721737,26803620,26899119,26982299,27100613,27199715,27291829,27379232,27475740,27595366,27703412,27801232,27916709,27989987,28111475,28188816,28277645,28345258,28429249,28493953,28590594,28676615,28758032,28829680,28903370,28957959,29052877,29120147,29190036,29234199,29291144,29376270,29455336,29493848,29569197,29667334,29733453,29785999,29881921,29964484,30032197,30155534,30235813,30288550,30371831,30466173,30547853,30649395,30719728,30801067,30869942,30954421,31032556,31084232,31161407,31227044,31289135,31356626,31423464,31500666,31576932,31653582,31734289,31820222,31905228,31964047,32031958,32104479,32189614,32283960,32382303,32466906,32550612,32617470,32681354,32766645,32853033,32916143,32992485,33054910,33135156,33233560,33311490,33392005,33474727,33536162,33614804,33685850,33762892,33825594,33901182,33942340,34044860,34135452,34219351,34311215,34400177,34468513,34558592,34652304,34750373,34831285,34913941,34990370,35076603,35178999,35274347,35357156,35451652,35519081,35599459,35696771,35802415,35875394,35949175,36052817,36113943,36245640,36356573,36496312,36615442,36725579,36779496,36961436,37068836,37157455,37258147,37341093,0,N/D,N/D,N/D,N/D,N/D,N/D,N/D,N/D,N/D,N/D,N/D,N/D,N/D,N/D,N/D,N/D,N/D,N/D,N/D,N/D,N/D,N/D,N/D,N/D
    1 Doméstico,13867708,13899626,13944336,13991415,14022268,13989573,14015411,14061296,14088557,14107060,14140427,14178897,14183294,14154268,14169781,14193860,14200227,14260159,14304033,14342838,14391311,14449745,14483424,14492807,14542649,14580230,14638896,14692655,14716351,14755717,14794619,14863039,14927328,14979066,15027503,15073572,15132051,15183169,15234423,15287808,15318150,15372941,15424917,15457576,15480553,15525602,15567056,15623956,15674679,15718835,15769777,15810159,15850539,15914107,15957158,16000977,16010681,16081293,16083839,16122907,16189313,16239256,16306241,16349942,16374103,16434498,16490240,16525947,16624092,16659876,16667567,16705737,16762388,16820215,16890247,16923371,16978989,17016323,17018769,17070668,17097099,17157183,17210571,17250711,17286658,17325007,17376607,17425856,17482975,17533931,17598571,17658904,17705532,17758672,17812114,17823874,17893560,17949392,18001731,18052056,18086199,18121986,18166064,18220277,18260962,18307516,18350176,18347110,18411354,18462096,18507319,18555190,18602777,18643317,18693612,18739861,18787892,18842236,18881089,18936560,18996663,19036388,19081761,19126763,19170481,19223369,19285248,19348065,19393774,19448009,19497670,19561179,19606944,19659671,19705589,19753990,19286604,19339431,19361334,19423475,19476396,19534285,19584546,19633299,19712167,19796432,19854961,19918790,19987793,19979601,20107708,20172691,20221603,20281322,20325394,0,N/D,N/D,N/D,N/D,N/D,N/D,N/D,N/D,N/D,N/D,N/D,N/D,N/D,N/D,N/D,N/D,N/D,N/D,N/D,N/D,N/D,N/D,N/D,N/D
    1A Doméstico con temperatura media mínima en verano de 25°C,1367748,1369812,1374542,1379784,1385808,1454601,1463278,1467239,1470797,1473737,1479781,1448366,1448476,1450826,1454734,1459909,1479829,1483394,1490449,1497958,1505045,1513575,1519256,1508343,1513761,1516754,1524445,1529226,1526062,1531987,1537162,1543314,1548034,1553142,1561578,1567356,1571318,1593573,1582858,1592393,1592225,1610101,1608508,1624424,1647853,1658404,1663975,1670245,1672978,1677694,1683157,1688200,1687007,1689517,1688972,1691877,1695031,1698911,1703301,1707053,1711834,1716336,1724218,1732265,1737057,1741299,1744502,1739742,1742714,1747014,1749763,1753188,1758319,1761597,1765404,1767261,1769502,1773942,1820987,1829203,1833797,1840117,1838525,1844256,1849179,1854014,1862092,1866086,1869917,1877044,1881606,1881722,1882265,1888893,1892787,1883249,1888319,1882700,1891581,1896007,1895375,1899734,1905577,1910630,1914650,1916997,1920918,1975937,1980132,1982768,1995352,2003750,2005013,2001851,2005228,2016116,2020321,2024727,2026670,2032586,2038738,2027915,2028469,2039794,2043109,2049961,2054842,2059047,2061805,2066980,2070145,2075953,2075004,2081954,2084299,2093485,2600703,2613095,2651112,2656574,2656216,2660257,2666048,2670638,2682507,2690574,2700447,2711060,2721039,2731474,2740524,2750776,2758319,2765264,2776648,0,N/D,N/D,N/D,N/D,N/D,N/D,N/D,N/D,N/D,N/D,N/D,N/D,N/D,N/D,N/D,N/D,N/D,N/D,N/D,N/D,N/D,N/D,N/D,N/D
    1B Doméstico con temperatura media mínima en verano de 28°C,3095869,3101256,3112842,3126675,3139183,3160130,3172738,3188128,3199960,3064374,3075250,3122992,3101792,3116154,3136629,3150324,3116300,3128530,3133837,3146831,3156283,3167693,3139578,3157941,3167498,3181353,3194969,3210611,3243239,3257016,3264313,3281752,3287498,3144749,3130799,3148951,3162730,3162446,3177937,3168223,3180524,3193569,3202396,3211061,3215058,3227847,3232774,3246535,3264496,3271920,3286201,3296946,3305959,3313836,3319831,3325429,3328449,3334439,3339606,3353408,3360222,3367245,3378530,3386541,3399557,3410369,3417891,3375558,3380993,3387298,3395577,3408282,3413066,3422438,3428609,3433731,3440264,3445280,3458450,3455182,3461912,3470826,3482483,3493836,3503317,3512847,3519426,3526436,3536430,3547728,3554472,3574618,3576392,3587131,3595981,3630264,3637036,3647176,3649860,3657326,3664905,3676225,3686422,3697795,3703062,3716270,3724969,3737209,3749033,3760504,3765068,3781432,3791058,3801343,3809150,3820285,3822440,3802181,3799075,3814860,3823514,3859770,3883816,3893863,3899759,3911871,3919085,3931758,3936491,3946428,3952783,3962547,3975752,3990521,4003075,4011881,4019262,3979941,3991579,4004717,4002490,4011737,4023264,4027974,4041532,4033368,4048231,4063402,4077814,4091810,4097162,4111999,4125267,4129538,4140159,0,N/D,N/D,N/D,N/D,N/D,N/D,N/D,N/D,N/D,N/D,N/D,N/D,N/D,N/D,N/D,N/D,N/D,N/D,N/D,N/D,N/D,N/D,N/D,N/D
    1C Doméstico con temperatura media mínima en verano de 30°C,3497499,3458419,3471381,3483323,3492833,3508646,3522039,3536708,3550529,3689803,3711490,3729855,3761380,3774197,3790609,3796326,3862261,3884639,3901041,3916539,3926028,3938731,3988926,4018122,4036430,4046587,4059091,4073602,4087966,4101615,4115485,4127430,4142087,4091373,4132450,4149595,4176635,4198845,4229960,4279592,4294331,4312999,4322536,4343588,4359483,4375479,4392695,4410209,4421025,4436605,4437137,4451567,4457615,4471577,4484832,4491666,4502622,4514550,4540547,4556094,4559229,4572821,4569400,4578591,4589903,4607250,4616141,4693439,4707850,4720667,4722252,4727409,4747366,4760543,4775157,4785615,4789719,4801614,4815491,4831771,4838400,4837189,4841609,4845355,4881024,4893953,4900136,4911129,4921245,4933630,4946877,4952862,4965196,4965480,4973267,5006107,5018207,5054663,5069719,5084335,5109401,5122134,5144960,5160117,5173636,5190366,5198466,5209162,5225786,5237980,5261345,5269713,5277198,5297328,5306478,5310183,5317411,5321493,5331845,5358464,5370552,5384293,5398350,5410237,5421179,5427749,5439751,5441897,5460479,5469348,5478548,5481808,5498115,5509568,5523902,5539338,5556055,5606504,5626465,5640996,5657300,5667116,5692531,5690081,5705997,5722126,5449516,5466331,5477570,5499374,5521483,5524505,5533159,5208311,5215151,0,N/D,N/D,N/D,N/D,N/D,N/D,N/D,N/D,N/D,N/D,N/D,N/D,N/D,N/D,N/D,N/D,N/D,N/D,N/D,N/D,N/D,N/D,N/D,N/D
    1D Doméstico con temperatura media mínima en verano de 31°C,710384,765236,767446,769183,771485,771073,773424,777008,778726,785073,787593,790325,790676,793222,794998,799286,797111,799877,803066,803203,807505,808729,809424,812603,816019,817914,819279,823910,826370,829001,832250,836301,839264,1066589,1071891,1077547,1083614,1087404,1091391,1095856,1099823,1105059,1106862,1073120,1075725,1078979,1081414,1085927,1088986,1091465,1094448,1097404,1098771,1101818,1104059,1106476,1109392,1061086,1062443,1064038,1066715,1068314,1072372,1075717,1079014,1083513,1088198,1090850,1093124,1094719,1097509,1099949,1096204,1096944,1094823,1096188,1097050,1099126,1101210,1102720,1104543,1105012,1104844,1104490,1089099,1087955,1090886,1093769,1095898,1098246,1099470,1100986,1102648,1105432,1107586,1125180,1127861,1129549,1132120,1135152,1136563,1138421,1142130,1058995,1061182,1062133,1063111,1066087,1069157,1074242,1075838,1077505,1079988,1081376,1083277,1083726,1084919,1119333,1119971,1112984,1113939,1117101,1120161,1123371,1126253,1128808,1132021,1133900,1134852,1133484,1133832,1132373,1153988,1155067,1153397,1155473,1156789,1159026,1159066,1161124,1167424,1161106,1165271,1167397,1171227,1175093,1495950,1500509,1505963,1512119,1519164,1524499,1529350,1877049,1883537,0,N/D,N/D,N/D,N/D,N/D,N/D,N/D,N/D,N/D,N/D,N/D,N/D,N/D,N/D,N/D,N/D,N/D,N/D,N/D,N/D,N/D,N/D,N/D,N/D
    1E Doméstico con temperatura media mínima en verano de 32°C,913865,916163,920276,924738,928500,937723,940492,946399,951473,955087,959344,964945,969457,971254,974244,976608,984226,987479,990586,994434,998367,1001635,998181,1003913,1010162,1016354,1021638,1026384,1032279,1038152,1043886,1049172,1052131,1056868,1059975,1064701,1073479,1077785,1080331,1084866,1092112,1092970,1094022,1138429,1138674,1142941,1143471,1148263,1149799,1155039,1156456,1159845,1159972,1163321,1164554,1167946,1168275,967381,953496,958500,957292,958975,980323,984340,988732,993209,995402,998953,999644,1001686,1002450,1003914,1011428,1012196,1016770,1021115,1019890,1020120,1020833,1023046,1024512,1025124,1024440,1025896,1026396,1028536,1029973,1033877,1035052,1037680,1038257,1040374,1039844,1039639,1038853,1034995,1034600,1034064,1035625,1037342,1037713,1037632,1038261,1124967,1124857,1125960,1125777,1128578,1129504,1129388,1124215,1124275,1125843,1129635,1129960,1133827,1133594,1135244,1131174,1140091,1143582,1146682,1149216,1152722,1150955,1154187,1158616,1163616,1164671,1163859,1163862,1163899,1165963,1169372,1162264,1169782,1170398,1174331,1178625,1182184,1183410,1184001,1187467,1188866,1191948,1194069,1197567,1200662,1197100,1203713,1207194,1210447,1211555,1213905,1215901,0,N/D,N/D,N/D,N/D,N/D,N/D,N/D,N/D,N/D,N/D,N/D,N/D,N/D,N/D,N/D,N/D,N/D,N/D,N/D,N/D,N/D,N/D,N/D,N/D
    1F Doméstico con temperatura media mínima en verano de 33°C,722571,723563,723454,723998,729033,735435,737760,741947,745502,746292,747334,750744,753744,756140,758565,761653,765845,770696,772557,776237,778773,779257,781868,786744,790816,794363,798199,800203,803575,807546,811171,812367,815111,816575,820242,823890,826643,831215,835253,839984,843921,848392,852967,855446,856867,857648,859216,862151,864541,865707,866630,867458,865603,864229,863778,864634,866023,1122012,1135706,1138172,1134490,1137398,1134056,1142442,1145050,1148395,1151566,1154942,1156729,1157973,1158596,1162269,1165549,1167608,1170049,1172974,1175140,1176165,1176368,1177449,1178740,1179258,1178951,1179350,1178769,1180585,1182295,1184821,1186453,1189079,1190009,1190172,1190325,1189840,1188480,1192943,1195020,1196339,1198943,1201836,1203832,1204820,1206363,1207256,1209784,1211157,1211490,1214367,1215794,1215903,1218350,1220002,1221011,1222735,1225145,1226515,1227624,1228113,1228227,1229950,1232396,1232157,1235110,1239392,1242198,1246935,1250760,1253742,1256164,1258757,1262118,1264342,1265721,1267811,1283896,1286881,1289268,1292767,1296168,1299699,1301803,1304234,1307155,1308591,1312629,1315768,1318528,1322093,1326482,1330341,1333809,1337536,1340328,1343241,1346058,0,N/D,N/D,N/D,N/D,N/D,N/D,N/D,N/D,N/D,N/D,N/D,N/D,N/D,N/D,N/D,N/D,N/D,N/D,N/D,N/D,N/D,N/D,N/D,N/D
    DAC Doméstico alto consumo,512561,511560,504462,496428,496845,502403,510452,506250,505769,518104,507346,497720,528765,581469,606829,604287,601564,601512,606280,604252,591117,580994,572168,567549,565700,571049,570905,565146,567778,578085,583413,587238,588262,583467,574794,570128,568896,568975,569079,567987,568901,575444,576608,574001,571045,562349,553352,543308,540111,540767,535874,531791,532493,534472,536963,541031,553726,511472,557332,555164,514753,508852,502194,483615,472583,463388,460544,452766,450388,466580,494836,511083,511853,506312,508336,519473,530513,537372,542313,542517,545229,546698,545621,545241,542184,540567,539251,534958,525612,516951,510960,505590,501845,496871,495411,493002,489357,488420,487327,486558,483482,480402,476868,472996,468010,462086,460003,456706,452800,448609,444518,442860,433274,437219,433000,432379,431393,427855,424289,419365,416068,415045,414332,414035,414579,415712,411981,418348,423049,427076,431412,434502,437512,440383,440734,440822,440002,434364,432422,433646,430355,426439,426535,427097,427633,429143,431112,432595,431818,431064,434392,436383,437874,439517,438245,0,N/D,N/D,N/D,N/D,N/D,N/D,N/D,N/D,N/D,N/D,N/D,N/D,N/D,N/D,N/D,N/D,N/D,N/D,N/D,N/D,N/D,N/D,N/D,N/D
,,,,,,,,,,,,,,,,,,,,,,,,,,,,,,,,,,,,,,,,,,,,,,,,,,,,,,,,,,,,,,,,,,,,,,,,,,,,,,,,,,,,,,,,,,,,,,,,,,,,,,,,,,,,,,,,,,,,,,,,,,,,,,,,,,,,,,,,,,,,,,,,,,,,,,,,,,,,,,,,,,,,,,,,,,,,,,,,,,,,
Tarifa de servicios,152122,152659,153100,153839,154464,154993,155592,155988,156460,156891,157384,157849,158374,159148,159673,160052,160616,161279,161862,162358,162690,163356,163983,164418,163963,162719,161604,161643,161322,162040,161132,160976,161294,161121,161374,161814,162014,162467,162698,163623,164106,164808,164999,165476,165375,166101,166758,167717,168284,168991,169676,170352,170789,171465,172016,172466,172848,173215,173785,174287,174702,175039,175756,176231,176540,177409,178477,178769,179106,179317,179415,179986,180325,180616,181136,181453,182109,182889,183252,183796,183731,185161,185299,185558,185883,186050,186290,186851,187008,186879,186922,187932,188346,188712,189242,189695,189841,190429,190923,191369,191651,192002,190974,191343,191591,192048,192308,192646,192848,193304,193523,193806,194111,194519,194727,195423,195813,196147,196446,196706,197181,197853,199494,199977,200437,200900,201305,201799,202049,202757,203235,203807,204333,204789,205236,205603,206082,206492,206976,208735,208921,209388,209499,209387,209892,210343,210985,211515,212022,212543,212939,212448,212761,212841,213114,0,N/D,N/D,N/D,N/D,N/D,N/D,N/D,N/D,N/D,N/D,N/D,N/D,N/D,N/D,N/D,N/D,N/D,N/D,N/D,N/D,N/D,N/D,N/D,N/D
    5 Alumbrado público,8348,8384,8407,8443,8504,8528,8553,8573,8596,8633,8684,8716,8754,8830,8869,8873,8888,8941,8992,9041,9060,9099,9146,9169,9291,9321,9364,9410,9456,9535,9553,9574,9590,9673,9726,9745,9796,9853,9944,10193,10252,10279,10269,10319,9789,9590,9622,9704,9749,9782,9840,9879,9872,9917,9976,9971,9964,10042,10154,10218,10213,10192,10295,10249,10235,10509,11192,11133,11051,11038,10774,10841,10840,10932,10903,10796,10826,10902,10903,10919,10336,11292,11275,11270,11173,11151,11129,11137,11186,11193,10985,11027,11066,11052,11083,11096,10993,11046,11059,11031,11057,11104,10196,10191,10256,10302,10354,10392,10509,10536,10626,10645,10647,10667,10681,10719,10759,10784,10786,10792,10822,10755,10799,10856,10923,10980,10946,11077,10994,11025,11086,11096,11148,11173,11226,11278,11304,11359,11417,11476,11489,11523,11525,11440,11684,11780,12049,12294,12467,12506,12553,12642,12763,12881,12955,0,N/D,N/D,N/D,N/D,N/D,N/D,N/D,N/D,N/D,N/D,N/D,N/D,N/D,N/D,N/D,N/D,N/D,N/D,N/D,N/D,N/D,N/D,N/D,N/D
    5A Alumbrado público,115523,115984,116352,116928,117429,117880,118414,118744,119175,119543,119971,120392,120817,121474,121888,122159,122640,123161,123595,124010,124344,124854,125385,125793,125135,123786,122508,122417,122012,122554,121668,121447,121721,121424,121684,121977,122065,122351,122465,123024,123352,123792,123918,124271,124597,125006,125226,125693,126163,126685,127305,127861,128300,128878,129369,129842,130307,130595,130974,131429,131801,132129,132656,133122,133344,133915,134265,134625,134941,135217,135471,135889,136167,136334,136776,137162,137699,138236,138607,139085,139561,139934,140037,140295,140626,140774,140955,141391,141379,141184,141451,142348,142721,143035,143486,143883,144094,144561,144903,145273,145439,145739,145662,146026,146199,146593,146793,147092,147095,147456,147524,147697,147928,148272,148437,149054,149420,149673,149902,150146,150496,151203,152784,153150,153521,153946,154365,154697,155075,155813,156215,156749,157208,157674,158031,158364,158782,159219,159570,161305,161470,161865,162004,161990,162220,162536,162837,163056,163339,163769,164115,163520,163700,163665,163881,0,N/D,N/D,N/D,N/D,N/D,N/D,N/D,N/D,N/D,N/D,N/D,N/D,N/D,N/D,N/D,N/D,N/D,N/D,N/D,N/D,N/D,N/D,N/D,N/D
"    6 Bombeo de aguas potables o negras, de servicio público",28251,28291,28341,28468,28531,28585,28625,28671,28689,28715,28729,28741,28803,28844,28916,29020,29088,29177,29275,29307,29286,29403,29452,29456,29537,29612,29732,29816,29854,29951,29911,29955,29983,30024,29964,30092,30153,30263,30289,30406,30502,30737,30812,30886,30989,31505,31910,32320,32372,32524,32531,32612,32617,32670,32671,32653,32577,32578,32657,32640,32688,32718,32805,32860,32961,32985,33020,33011,33114,33062,33170,33256,33318,33350,33457,33495,33584,33751,33742,33792,33834,33935,33987,33993,34084,34125,34206,34323,34443,34502,34486,34557,34559,34625,34673,34716,34754,34822,34961,35065,35155,35159,35116,35126,35136,35153,35161,35162,35244,35312,35373,35464,35536,35580,35609,35650,35634,35690,35758,35768,35863,35895,35911,35971,35993,35974,35994,36025,35980,35919,35934,35962,35977,35942,35979,35961,35996,35914,35989,35954,35962,36000,35970,35957,35988,36027,36099,36165,36216,36268,36271,36286,36298,36295,36278,0,N/D,N/D,N/D,N/D,N/D,N/D,N/D,N/D,N/D,N/D,N/D,N/D,N/D,N/D,N/D,N/D,N/D,N/D,N/D,N/D,N/D,N/D,N/D,N/D
,,,,,,,,,,,,,,,,,,,,,,,,,,,,,,,,,,,,,,,,,,,,,,,,,,,,,,,,,,,,,,,,,,,,,,,,,,,,,,,,,,,,,,,,,,,,,,,,,,,,,,,,,,,,,,,,,,,,,,,,,,,,,,,,,,,,,,,,,,,,,,,,,,,,,,,,,,,,,,,,,,,,,,,,,,,,,,,,,,,,
Tarifa comercial,2967958,2973839,2984194,2991456,3002393,3010023,3014262,3020914,3028176,3035440,3047430,3056275,3048097,3052418,3061845,3066031,3072202,3083897,3089334,3096160,3103915,3112652,3115913,3120968,3131746,3148133,3152935,3163505,3173621,3182366,3195216,3207453,3213258,3227198,3238965,3249957,3257951,3270558,3281411,3293233,3301963,3312299,3315179,3322047,3328738,3337820,3343407,3352625,3354396,3359281,3368816,3373762,3377258,3385338,3389627,3394743,3390103,3396752,3409743,3419504,3419102,3420200,3431848,3433306,3437447,3442279,3446358,3445820,3459283,3465216,3468973,3476229,3476329,3480696,3493133,3497923,3502902,3504108,3509691,3514249,3519909,3529464,3536663,3543508,3546899,3553809,3564635,3570253,3580005,3585006,3590742,3595560,3601517,3609610,3617959,3625078,3630262,3637397,3645235,3653748,3661001,3663593,3666406,3669680,3674691,3682163,3689007,3695544,3696607,3701822,3710363,3716247,3720575,3724352,3729831,3732322,3737907,3748884,3754857,3767738,3768483,3778617,3791282,3800762,3811022,3818283,3828298,3837817,3848241,3861394,3871279,3881213,3887877,3900571,3910577,3922189,3933772,3940100,3952042,3962726,3970515,3978828,3988104,3988320,3999440,4011742,4031040,4045767,4056872,4062146,4079358,4090526,4098924,4109311,4122359,0,N/D,N/D,N/D,N/D,N/D,N/D,N/D,N/D,N/D,N/D,N/D,N/D,N/D,N/D,N/D,N/D,N/D,N/D,N/D,N/D,N/D,N/D,N/D,N/D
    2 General hasta 25 kW de demanda,2938066,2944657,2953405,2962131,2971203,2980383,2984226,2990981,2997914,3005461,3016775,3022123,3017553,3022237,3031255,3035831,3041570,3053938,3059747,3066808,3074365,3081862,3085742,3088536,3101164,3117301,3122462,3133283,3142471,3152573,3165011,3177860,3184025,3196537,3208318,3216823,3227158,3239524,3250078,3263700,3270152,3282976,3284190,3291729,3298706,3306677,3313152,3318136,3323145,3328973,3338599,3342659,3347664,3355076,3358432,3364641,3360794,3366869,3378574,3384339,3387183,3388911,3399360,3403152,3406460,3412078,3416534,3417372,3429725,3435899,3438977,3442014,3446661,3451892,3463422,3468245,3472745,3475652,3481155,3486183,3491375,3500632,3508489,3510985,3516940,3524908,3536179,3542046,3551539,3557816,3563202,3568823,3574656,3582371,3590454,3595335,3602373,3610531,3618471,3627785,3633758,3637998,3640020,3644053,3649300,3655872,3662223,3665881,3670137,3676784,3684607,3689755,3694229,3699365,3703502,3707047,3712918,3723315,3729800,3739409,3742996,3752414,3764860,3774235,3783755,3792427,3801729,3812150,3822759,3836214,3846430,3853373,3862757,3875348,3885228,3897831,3908024,3915978,3926845,3938352,3945555,3954399,3963779,3964914,3975854,3987801,4007337,4021603,4032541,4038788,4055491,4066945,4075663,4085800,4098733,0,N/D,N/D,N/D,N/D,N/D,N/D,N/D,N/D,N/D,N/D,N/D,N/D,N/D,N/D,N/D,N/D,N/D,N/D,N/D,N/D,N/D,N/D,N/D,N/D
    3 General para más de 25 kW de demanda,23058,23083,23110,23131,23134,23203,23239,23254,23305,23303,23310,23309,23313,23274,23323,23349,23350,23385,23415,23426,23438,23436,23434,23424,23438,23461,23481,23470,23423,23458,23475,23478,23485,23535,23532,23554,23586,23613,23670,23662,23730,23773,23787,23800,23825,23842,23850,23845,23847,23830,23860,23874,23877,23900,23896,23933,22157,22166,24037,24022,23902,23861,23864,22069,22076,22072,22098,21855,22236,21534,22062,22146,22188,22291,22265,22335,22295,22080,22060,21970,22003,21988,21974,21916,21951,21919,21908,21898,21870,21837,21814,21785,21721,21684,21641,21597,21569,21500,21459,21405,21337,21287,21211,21166,21133,21114,21072,21036,20951,20899,20876,20847,20801,20772,20751,20713,20703,20653,20630,20605,20582,20553,20518,20488,20477,20453,20457,20450,20453,20430,20435,20427,20392,20379,20375,20345,20302,20290,20300,20302,20285,20293,20272,20224,20201,20180,20196,20157,20148,20132,20093,20088,20062,20038,20017,0,N/D,N/D,N/D,N/D,N/D,N/D,N/D,N/D,N/D,N/D,N/D,N/D,N/D,N/D,N/D,N/D,N/D,N/D,N/D,N/D,N/D,N/D,N/D,N/D
    7 Temporal,6834,6099,7679,6194,8056,6437,6797,6679,6957,6676,7345,10843,7231,6907,7267,6851,7282,6574,6172,5926,6112,7354,6737,9008,7144,7371,6992,6752,7727,6335,6730,6115,5748,7126,7115,9580,7207,7421,7663,5871,8081,5550,7202,6518,6207,7301,6405,10644,7404,6478,6357,7229,5717,6362,7299,6169,7152,7717,7132,11143,8017,7428,8624,8085,8911,8129,7726,6593,7322,7783,7934,12069,7480,6513,7446,7343,7862,6376,6476,6096,6531,6844,6200,10607,8008,6982,6548,6309,6596,5353,5726,4952,5140,5555,5864,8146,6320,5366,5305,4558,5906,4308,5175,4461,4258,5177,5712,8627,5519,4139,4880,5645,5545,4215,5578,4562,4286,4916,4427,7724,4905,5650,5904,6039,6790,5403,6112,5217,5029,4750,4414,7413,4728,4844,4974,4013,5446,3832,4897,4072,4675,4136,4053,3182,3385,3761,3507,4007,4183,3226,3774,3493,3199,3473,3609,0,N/D,N/D,N/D,N/D,N/D,N/D,N/D,N/D,N/D,N/D,N/D,N/D,N/D,N/D,N/D,N/D,N/D,N/D,N/D,N/D,N/D,N/D,N/D,N/D
,,,,,,,,,,,,,,,,,,,,,,,,,,,,,,,,,,,,,,,,,,,,,,,,,,,,,,,,,,,,,,,,,,,,,,,,,,,,,,,,,,,,,,,,,,,,,,,,,,,,,,,,,,,,,,,,,,,,,,,,,,,,,,,,,,,,,,,,,,,,,,,,,,,,,,,,,,,,,,,,,,,,,,,,,,,,,,,,,,,,
Tarifa agrícola,104839,105087,105540,105952,106255,106470,106515,106115,106148,106521,106746,107024,107301,107600,108217,108564,108938,109194,109338,109423,109529,109718,109919,110235,110667,111052,111260,111568,111871,111949,112056,112113,112026,112308,112381,112524,112838,113154,113551,114029,114172,114467,114351,114431,114374,114485,114708,114887,115160,115424,115843,116191,116358,116415,116426,116652,116523,116614,116795,117084,117248,117488,117847,118045,118319,118535,118445,118470,118558,118782,119016,119214,119500,119836,120182,120579,120778,120975,120738,120814,120923,121110,121295,121377,121837,122250,122573,122996,123325,123441,123389,123467,123564,123719,123890,124162,124417,124785,125149,125591,125841,125999,126010,126232,126243,126269,126304,126515,126698,126990,127144,127435,127520,127497,127448,127515,127435,127562,127497,127657,127724,127805,128109,128249,128210,128221,128033,128030,128143,127732,127533,127603,127675,128000,128370,128673,128990,129022,128906,128768,128417,128524,128709,128565,128932,129199,129649,130065,130478,130553,130744,130797,130886,130992,130043,0,N/D,N/D,N/D,N/D,N/D,N/D,N/D,N/D,N/D,N/D,N/D,N/D,N/D,N/D,N/D,N/D,N/D,N/D,N/D,N/D,N/D,N/D,N/D,N/D
    9 Bombeo de agua para riego agrícola (baja tensión),10261,10253,10273,10207,10160,10118,10020,10125,10148,10214,10425,10516,10516,10635,10796,10874,10868,10718,10719,10709,10739,10763,10868,10950,11143,11352,11216,11288,11353,11363,11485,11513,11403,11400,11364,11373,11497,11562,11722,11839,11621,11681,11526,11547,11488,11543,11596,11613,11712,11787,11891,11912,11947,12043,11973,12014,12035,12025,12143,12204,12228,12260,12310,12217,12203,12236,12172,12140,12119,12117,12131,12191,12264,12359,12366,12346,12301,12174,12034,11983,11915,11954,11902,11912,11974,12046,12015,11983,11795,11694,11495,11416,11344,11314,11253,11359,11321,11205,11147,11094,10962,10823,10711,10687,10612,10539,10507,10513,10490,10346,10244,10184,9966,9875,9774,9696,9610,9510,9445,9401,9327,9280,9234,9158,9029,8974,8879,8793,8759,8733,8649,8605,8521,8503,8463,8437,8337,8240,8132,8061,7985,7882,7809,7757,7730,7676,7618,7600,7598,7515,7434,7374,7331,7341,7305,0,N/D,N/D,N/D,N/D,N/D,N/D,N/D,N/D,N/D,N/D,N/D,N/D,N/D,N/D,N/D,N/D,N/D,N/D,N/D,N/D,N/D,N/D,N/D,N/D
    9M Bombeo de agua para riego agrícola (media tensión),17111,16964,16965,17429,17352,17519,17131,17498,17959,17980,18245,18470,18552,18644,18787,18850,18852,18592,18471,18229,18105,18564,18231,18338,18414,18499,18539,18593,18474,18306,18014,17909,17746,17499,17380,16771,17026,17080,17093,17142,16865,16790,16579,16518,16466,16467,16447,16494,16574,16631,16703,16644,16584,16855,16623,16577,16307,16214,16216,16243,16245,16225,16199,16227,16201,16100,15975,15849,15872,15871,15909,15793,15844,15754,15709,15700,15603,15460,15226,15080,14985,14927,14878,14855,14882,14881,14863,14757,14689,14604,14563,14450,14371,14129,14056,14184,14056,13970,13736,13651,13402,13280,13128,12949,12823,12729,12634,12508,12510,12596,12491,12287,12036,11700,11520,11286,11137,10910,10777,10525,10489,10425,10360,10297,10142,10033,9927,9848,9745,9503,9427,9392,9389,9423,9365,9229,9138,8979,8919,8783,8690,8654,8571,8499,8605,8662,8704,8712,8637,8440,8391,8286,8189,8175,8108,0,N/D,N/D,N/D,N/D,N/D,N/D,N/D,N/D,N/D,N/D,N/D,N/D,N/D,N/D,N/D,N/D,N/D,N/D,N/D,N/D,N/D,N/D,N/D,N/D
    9CU Tarifa de estímulo para bombeo de agua para riego agrícola con cargo único,54003,53876,53841,53453,53104,52782,53057,52068,51639,50669,51290,51177,51145,50944,50767,50573,50443,50418,50297,50367,50395,50307,50218,50160,50143,50064,50080,50003,49615,48947,47503,46964,46529,46474,46138,46365,45903,45783,45561,45490,45247,45082,45032,44710,44506,44220,44147,44053,43988,43920,43941,44075,44031,43664,43654,43708,43655,43767,43731,43801,43810,43964,44181,44281,44341,44453,44417,44372,44222,44300,44314,44363,44391,44474,44643,44784,44797,44968,44948,44979,45002,44978,45132,45085,45099,45235,45325,45638,45935,46004,46011,46113,46191,46163,46284,46153,46285,46611,46930,47210,47516,47663,47693,47890,47918,48057,47964,48174,48216,48404,48500,48750,49000,49143,49036,49258,49048,49078,49040,49293,49202,49143,49208,48943,48706,48752,48760,48843,48854,48514,48487,48178,47924,47831,47882,48012,48158,48191,48229,48294,48348,48479,48644,48059,48214,48361,48619,48840,48997,49179,49324,49385,49499,49541,49594,0,N/D,N/D,N/D,N/D,N/D,N/D,N/D,N/D,N/D,N/D,N/D,N/D,N/D,N/D,N/D,N/D,N/D,N/D,N/D,N/D,N/D,N/D,N/D,N/D
    9N Tarifa de estímulo nocturna para bombeo de agua para riego agrícola,23464,23994,24461,24863,25639,26051,26307,26424,26402,27658,26786,26861,27088,27377,27867,28267,28775,29466,29851,30118,30290,30084,30602,30787,30967,31137,31425,31684,32429,33333,35054,35727,36348,36935,37499,38015,38412,38729,39175,39558,40439,40914,41214,41656,41914,42255,42518,42727,42886,43086,43308,43560,43796,43853,44176,44353,44526,44608,44705,44836,44965,45039,45157,45320,45574,45746,45881,46109,46345,46494,46662,46867,47001,47249,47464,47749,48077,48373,48530,48772,49021,49251,49383,49525,49882,50088,50370,50618,50906,51139,51320,51488,51658,52113,52297,52466,52755,52999,53336,53636,53961,54233,54478,54706,54890,54944,55199,55320,55482,55644,55909,56214,56518,56779,57118,57275,57640,58064,58235,58438,58706,58957,59307,59851,60333,60462,60467,60546,60785,60982,60970,61428,61841,62243,62660,62995,63357,63612,63626,63630,63394,63509,63685,64250,64383,64500,64708,64913,65246,65419,65595,65752,65867,65935,65036,0,N/D,N/D,N/D,N/D,N/D,N/D,N/D,N/D,N/D,N/D,N/D,N/D,N/D,N/D,N/D,N/D,N/D,N/D,N/D,N/D,N/D,N/D,N/D,N/D
,,,,,,,,,,,,,,,,,,,,,,,,,,,,,,,,,,,,,,,,,,,,,,,,,,,,,,,,,,,,,,,,,,,,,,,,,,,,,,,,,,,,,,,,,,,,,,,,,,,,,,,,,,,,,,,,,,,,,,,,,,,,,,,,,,,,,,,,,,,,,,,,,,,,,,,,,,,,,,,,,,,,,,,,,,,,,,,,,,,,
Tarifa industrial,166457,167724,168770,169966,171315,172866,174113,175539,176870,178180,179629,181141,182268,183428,184778,185912,187432,189011,190104,191490,192764,194112,195383,196818,198276,199502,200918,202269,203713,205132,206408,207598,208807,210446,211264,212736,214240,215430,216451,217721,218632,219929,220870,222056,223083,223885,224573,225431,226237,226879,227895,228817,229705,230742,231744,232844,233070,234150,235746,236870,235568,236300,237521,237358,236890,238993,239655,240909,241907,242731,243847,245243,245935,246868,247834,248822,249803,250985,251886,253420,254368,255445,256688,257620,258760,259900,260933,261947,263099,264228,265316,266657,267635,268847,270095,271255,272084,272828,273795,275152,276162,277153,278114,279252,280191,281449,282693,283832,284831,285840,286794,287904,288867,290015,291084,292106,292998,294345,295411,296814,297648,298664,299627,300645,301795,303012,304316,305593,307065,308621,310022,311404,312398,313525,314896,316378,317730,319298,320559,322052,323192,324398,325254,325958,327903,329090,330981,332250,333728,335162,336664,338021,339293,340312,341444,0,N/D,N/D,N/D,N/D,N/D,N/D,N/D,N/D,N/D,N/D,N/D,N/D,N/D,N/D,N/D,N/D,N/D,N/D,N/D,N/D,N/D,N/D,N/D,N/D
    Empresa mediana,165821,167085,168130,169322,170670,172220,173463,174885,176212,177523,178967,180480,181608,182763,184110,185242,186755,188329,189417,190800,192073,193419,194688,196119,197573,198797,200212,201563,203005,204418,205691,206880,208090,209725,210540,212007,213511,214701,215716,216983,217887,219179,220123,221308,222333,223138,223828,224682,225488,226124,227120,228043,228929,229964,230962,232058,232277,233349,234944,236065,234770,235499,236721,236557,236091,238187,238848,240099,241092,241915,243036,244425,245114,246042,247007,247994,248967,250145,251041,252575,253520,254593,255832,256762,257899,259032,260062,261071,262218,263347,264432,265775,266752,267964,269212,270366,271188,271936,272899,274249,275254,276240,277198,278334,279269,280525,281766,282898,283894,284900,285848,286949,287909,289058,290126,291147,292034,293376,294441,295843,296676,297688,298646,299661,300814,302029,303329,304602,306073,307626,309025,310404,311392,312515,313885,315368,316719,318281,319538,321029,322165,323367,324225,324921,326866,328052,329940,331210,332686,334121,335620,336979,338250,339264,340411,0,N/D,N/D,N/D,N/D,N/D,N/D,N/D,N/D,N/D,N/D,N/D,N/D,N/D,N/D,N/D,N/D,N/D,N/D,N/D,N/D,N/D,N/D,N/D,N/D
"        OM Total Ordinaria para servicio general en media tensión, con demanda menor a 100 kW",127004,127914,128703,129644,130695,131916,132846,133961,134982,136072,137168,138348,139200,140174,141147,142055,143174,144274,145068,146149,147042,148081,149028,150126,151257,152126,153229,154301,155438,156446,157400,158363,159118,160287,160826,161884,163083,163956,164633,165599,166124,167162,167693,168493,169164,169765,170218,170924,171402,171899,172485,173138,173746,174489,175229,175885,175847,176618,177798,178505,177209,177596,178380,178189,178756,179457,179993,180720,181401,181899,182611,183608,184046,184703,185332,185984,186510,187387,187925,188790,189359,190105,190968,191391,192253,192835,193467,194164,194850,195517,196176,196977,197585,198243,199133,199838,200373,200875,201532,202539,203232,203941,204550,205367,206080,206898,207820,208711,209283,209970,210602,211398,212002,212758,213398,214034,214548,215431,216061,216933,217526,218271,218934,219629,220374,221208,222090,222825,223833,224842,225817,226732,227423,228060,229003,230017,230960,232008,232763,233815,234653,235612,236126,236410,237957,238805,240228,241164,242320,243347,244459,245495,246366,247122,247931,0,N/D,N/D,N/D,N/D,N/D,N/D,N/D,N/D,N/D,N/D,N/D,N/D,N/D,N/D,N/D,N/D,N/D,N/D,N/D,N/D,N/D,N/D,N/D,N/D
"            OM Ordinaria para servicio general en media tensión, con demanda menor a 100 kW",127004,127914,128703,129644,130695,131916,132846,133961,134982,136072,137168,138348,139200,140174,141147,142055,143174,144274,145068,146149,147042,148081,149028,150126,151257,152126,153229,154301,155438,156446,157400,158363,159118,160287,160826,161884,163083,163956,164633,165599,166124,167162,167693,168493,169164,169765,170218,170924,171402,171899,172484,172984,173568,174304,175044,175700,175662,176433,177613,178320,177024,177411,178198,178032,178624,179332,179868,180596,181277,181775,182487,183484,183922,184579,185208,185860,186510,187387,187925,188790,189359,190105,190968,191391,192253,192835,193467,194164,194850,195517,196176,196977,197585,198243,199133,199838,200373,200875,201532,202539,203232,203941,204550,205367,206080,206898,207820,208711,209283,209970,210602,211398,212002,212758,213398,214034,214548,215431,216061,216933,217526,218271,218934,219629,220374,221208,222090,222825,223833,224842,225817,226732,227423,228060,229003,230017,230960,232008,232763,233815,234653,235612,236126,236410,237957,238805,240228,241164,242319,243346,244452,245488,246359,247114,247921,0,N/D,N/D,N/D,N/D,N/D,N/D,N/D,N/D,N/D,N/D,N/D,N/D,N/D,N/D,N/D,N/D,N/D,N/D,N/D,N/D,N/D,N/D,N/D,N/D
"            OMF Ordinaria para servicio general en media tensión, con demanda menor de 100 kW con cargos fijos",0,0,0,0,0,0,0,0,0,0,0,0,0,0,0,0,0,0,0,0,0,0,0,0,0,0,0,0,0,0,0,0,0,0,0,0,0,0,0,0,0,0,0,0,0,0,0,0,0,0,1,154,178,185,185,185,185,185,185,185,185,185,182,157,132,125,125,124,124,124,124,124,124,124,124,124,0,0,0,0,0,0,0,0,0,0,0,0,0,0,0,0,0,0,0,0,0,0,0,0,0,0,0,0,0,0,0,0,0,0,0,0,0,0,0,0,0,0,0,0,0,0,0,0,0,0,0,0,0,0,0,0,0,0,0,0,0,0,0,0,0,0,0,0,0,0,0,0,1,1,7,7,7,8,10,0,N/D,N/D,N/D,N/D,N/D,N/D,N/D,N/D,N/D,N/D,N/D,N/D,N/D,N/D,N/D,N/D,N/D,N/D,N/D,N/D,N/D,N/D,N/D,N/D
"        HM Total Horaria para servicio general en media tensión, con demanda de 100 kW o mas",38675,39029,39285,39532,39816,40117,40418,40719,41027,41242,41599,41938,42215,42395,42780,43007,43403,43886,44188,44492,44875,45183,45505,45838,46193,46516,46827,47108,47414,47819,48139,48366,48821,49287,49563,49973,50278,50596,50937,51241,51625,51884,52298,52684,53041,53248,53485,53636,53964,54105,54515,54787,55068,55367,55632,56071,56328,56632,57046,57459,57459,57801,58240,58267,57235,58630,58755,59278,59591,59916,60325,60717,60968,61239,61575,61911,62358,62659,63017,63687,64063,64388,64764,65271,65546,66097,66496,66808,67269,67732,68158,68700,69069,69625,69988,70437,70724,70970,71277,71619,71931,72208,72557,72876,73098,73538,73857,74098,74522,74841,75158,75463,75818,76211,76639,77024,77397,77856,78291,78821,79061,79329,79627,79947,80355,80736,81154,81692,82156,82700,83124,83588,83885,84371,84798,85267,85676,86190,86692,87131,87429,87673,88017,88429,88827,89165,89630,89964,90285,90693,91080,91403,91804,92061,92399,0,N/D,N/D,N/D,N/D,N/D,N/D,N/D,N/D,N/D,N/D,N/D,N/D,N/D,N/D,N/D,N/D,N/D,N/D,N/D,N/D,N/D,N/D,N/D,N/D
"            HM Horaria para servicio general en media tensión, con demanda de 100 kW o mas",38675,39029,39285,39532,39816,40117,40418,40719,41027,41242,41599,41938,42215,42395,42780,43007,43403,43886,44188,44492,44875,45183,45505,45838,46193,46516,46827,47108,47414,47819,48139,48366,48821,49287,49563,49973,50278,50596,50937,51241,51625,51884,52298,52684,53041,53248,53485,53636,53964,54105,54450,54569,54749,54971,55219,55651,55888,56191,56604,57019,57019,57369,57868,57981,57040,58510,58638,59162,59496,59819,60229,60621,60871,61144,61482,61885,62335,62641,63010,63679,64054,64381,64757,65265,65540,66091,66489,66802,67221,67671,68096,68641,69008,69564,69926,70375,70662,70911,71218,71560,71921,72205,72554,72873,73093,73532,73851,74092,74516,74835,75152,75457,75783,76176,76574,76962,77337,77793,78228,78758,78995,79262,79560,79880,80288,80669,81087,81625,82091,82622,83042,83506,83805,84290,84711,85181,85588,86102,86604,87043,87341,87585,87943,88355,88757,89154,89627,89881,90188,90585,90941,91242,91605,91824,92002,0,N/D,N/D,N/D,N/D,N/D,N/D,N/D,N/D,N/D,N/D,N/D,N/D,N/D,N/D,N/D,N/D,N/D,N/D,N/D,N/D,N/D,N/D,N/D,N/D
"            HMF Horaria para servicio general en media tensión, con demanda de 100 kW o mas con cargos fijos",0,0,0,0,0,0,0,0,0,0,0,0,0,0,0,0,0,0,0,0,0,0,0,0,0,0,0,0,0,0,0,0,0,0,0,0,0,0,0,0,0,0,0,0,0,0,0,0,0,0,65,218,319,396,413,420,440,441,442,440,440,432,372,286,195,120,117,116,95,97,96,96,97,95,93,26,23,18,7,8,9,7,7,6,6,6,7,6,48,61,62,59,61,61,62,62,62,59,59,59,10,3,3,3,5,6,6,6,6,6,6,6,35,35,65,62,60,63,63,63,66,67,67,67,67,67,67,67,65,78,82,82,80,81,87,86,88,88,88,88,88,88,74,74,70,11,3,83,97,108,139,161,199,237,397,0,N/D,N/D,N/D,N/D,N/D,N/D,N/D,N/D,N/D,N/D,N/D,N/D,N/D,N/D,N/D,N/D,N/D,N/D,N/D,N/D,N/D,N/D,N/D,N/D
"        H-MC Total Horaria para servicio general en media tensión, con demanda de 100 kW o más para corta utilización",142,142,142,146,159,187,199,205,203,209,200,194,193,194,183,180,178,169,161,159,156,155,155,155,123,155,156,154,153,153,152,151,151,151,151,150,150,149,146,143,138,133,132,131,128,125,125,122,122,120,120,118,115,108,101,102,102,99,100,101,102,102,101,101,100,100,100,101,100,100,100,100,100,100,100,99,99,99,99,98,98,100,100,100,100,100,99,99,99,98,98,98,98,96,91,91,91,91,90,91,91,91,91,91,91,89,89,89,89,89,88,88,89,89,89,89,89,89,89,89,89,88,85,85,85,85,85,85,84,84,84,84,84,84,84,84,83,83,83,83,83,82,82,82,82,82,82,82,81,81,81,81,80,81,81,0,N/D,N/D,N/D,N/D,N/D,N/D,N/D,N/D,N/D,N/D,N/D,N/D,N/D,N/D,N/D,N/D,N/D,N/D,N/D,N/D,N/D,N/D,N/D,N/D
"            H-MC Horaria para servicio general en media tensión, con demanda de 100 kW o más para corta utilización",142,142,142,146,159,187,199,205,203,209,200,194,193,194,183,180,178,169,161,159,156,155,155,155,123,155,156,154,153,153,152,151,151,151,151,150,150,149,146,143,138,133,132,131,128,125,125,122,122,120,120,118,115,108,101,102,102,99,100,101,102,102,101,101,100,100,100,101,100,100,100,100,100,100,100,99,99,99,99,98,98,100,100,100,100,100,99,99,99,98,98,98,98,96,91,91,91,91,90,91,91,91,91,91,91,89,89,89,89,89,88,88,89,89,89,89,89,89,89,89,89,88,85,85,85,85,85,85,84,84,84,84,84,84,84,84,83,83,83,83,83,82,82,82,82,82,82,82,81,81,81,81,80,81,81,0,N/D,N/D,N/D,N/D,N/D,N/D,N/D,N/D,N/D,N/D,N/D,N/D,N/D,N/D,N/D,N/D,N/D,N/D,N/D,N/D,N/D,N/D,N/D,N/D
"            H-MCF Horaria para servicio general en media tensión, con demanda de 100 kW o más para corta utilización con cargos fijos",0,0,0,0,0,0,0,0,0,0,0,0,0,0,0,0,0,0,0,0,0,0,0,0,0,0,0,0,0,0,0,0,0,0,0,0,0,0,0,0,0,0,0,0,0,0,0,0,0,0,0,0,0,0,0,0,0,0,0,0,0,0,0,0,0,0,0,0,0,0,0,0,0,0,0,0,0,0,0,0,0,0,0,0,0,0,0,0,0,0,0,0,0,0,0,0,0,0,0,0,0,0,0,0,0,0,0,0,0,0,0,0,0,0,0,0,0,0,0,0,0,0,0,0,0,0,0,0,0,0,0,0,0,0,0,0,0,0,0,0,0,0,0,0,0,0,0,0,0,0,0,0,0,0,0,0,N/D,N/D,N/D,N/D,N/D,N/D,N/D,N/D,N/D,N/D,N/D,N/D,N/D,N/D,N/D,N/D,N/D,N/D,N/D,N/D,N/D,N/D,N/D,N/D
    Gran industria,636,639,640,644,645,646,650,654,658,657,662,661,660,665,668,670,677,682,687,690,691,693,695,699,703,705,706,706,708,714,717,718,717,721,724,729,729,729,735,738,745,750,747,748,750,747,745,749,749,755,775,774,776,778,782,786,793,801,802,805,798,801,800,801,799,806,807,810,815,816,811,818,821,826,827,828,836,840,845,845,848,852,856,858,861,868,871,876,881,881,884,882,883,883,883,889,896,892,896,903,908,913,916,918,922,924,927,934,937,940,946,955,958,957,958,959,964,969,970,971,972,976,981,984,981,983,987,991,992,995,997,1000,1006,1010,1011,1010,1011,1017,1021,1023,1027,1031,1029,1037,1037,1038,1041,1040,1042,1041,1044,1042,1043,1048,1033,0,N/D,N/D,N/D,N/D,N/D,N/D,N/D,N/D,N/D,N/D,N/D,N/D,N/D,N/D,N/D,N/D,N/D,N/D,N/D,N/D,N/D,N/D,N/D,N/D
"        HS Total Horaria para servicio general en alta tensión, nivel subtransmisión",297,299,297,301,301,302,305,306,306,306,309,304,305,306,309,309,312,313,315,315,314,315,316,317,315,316,318,316,317,325,326,327,326,330,333,335,335,334,340,343,347,350,354,356,361,363,362,369,371,376,383,388,393,396,401,401,411,418,417,421,414,417,418,419,417,424,426,429,435,434,433,438,440,446,446,449,457,460,464,464,468,472,475,478,481,487,491,494,499,499,499,498,500,502,504,507,511,511,513,521,526,530,534,536,539,541,544,550,549,553,560,571,575,575,576,577,579,582,586,587,588,592,596,599,601,606,612,619,620,621,624,627,636,641,642,642,643,645,651,652,655,660,658,666,668,669,677,678,686,686,688,688,690,695,683,0,N/D,N/D,N/D,N/D,N/D,N/D,N/D,N/D,N/D,N/D,N/D,N/D,N/D,N/D,N/D,N/D,N/D,N/D,N/D,N/D,N/D,N/D,N/D,N/D
"            HS Horaria para servicio general en alta tensión, nivel subtransmisión",297,299,297,301,301,302,305,306,306,306,309,304,305,306,309,309,312,313,315,315,314,315,316,317,315,316,318,316,317,325,326,327,326,330,333,335,335,334,340,343,347,350,354,356,361,363,362,369,371,376,372,377,381,383,387,387,395,402,401,406,405,410,413,414,413,420,421,426,432,430,429,433,435,441,441,444,453,457,461,461,465,470,473,477,479,485,489,492,496,496,496,494,496,498,500,503,506,506,508,517,522,526,530,532,535,537,540,547,546,550,557,568,572,572,575,576,578,581,585,586,586,590,594,596,598,603,609,616,616,617,620,624,634,639,640,641,642,644,650,652,655,660,658,666,668,669,677,677,685,685,687,687,689,692,678,0,N/D,N/D,N/D,N/D,N/D,N/D,N/D,N/D,N/D,N/D,N/D,N/D,N/D,N/D,N/D,N/D,N/D,N/D,N/D,N/D,N/D,N/D,N/D,N/D
"            HSF Horaria para servicio general en alta tensión, nivel subtransmisión con cargos fijos",0,0,0,0,0,0,0,0,0,0,0,0,0,0,0,0,0,0,0,0,0,0,0,0,0,0,0,0,0,0,0,0,0,0,0,0,0,0,0,0,0,0,0,0,0,0,0,0,0,0,11,11,12,13,14,14,16,16,16,15,9,7,5,5,4,4,5,3,3,4,4,5,5,5,5,5,4,3,3,3,3,2,2,1,2,2,2,2,3,3,3,4,4,4,4,4,5,5,5,4,4,4,4,4,4,4,4,3,3,3,3,3,3,3,1,1,1,1,1,1,2,2,2,3,3,3,3,3,4,4,4,3,2,2,2,1,1,1,1,0,0,0,0,0,0,0,0,1,1,1,1,1,1,3,5,0,N/D,N/D,N/D,N/D,N/D,N/D,N/D,N/D,N/D,N/D,N/D,N/D,N/D,N/D,N/D,N/D,N/D,N/D,N/D,N/D,N/D,N/D,N/D,N/D
"        H-SL Total Horaria para servicio general en alta tensión, nivel subtransmisión para larga utilización",272,272,275,275,276,276,277,279,282,282,283,286,285,286,285,287,291,295,297,299,301,301,301,304,310,311,309,311,311,310,312,312,313,313,312,315,316,316,316,316,319,320,319,318,315,308,306,302,301,301,311,305,302,300,300,301,300,299,300,298,299,298,297,298,298,298,297,297,295,296,294,294,295,294,295,293,292,293,293,293,292,291,290,291,290,290,289,288,288,288,289,288,287,285,284,284,285,283,284,284,284,285,282,281,280,279,280,280,282,281,278,276,274,272,272,273,274,274,272,272,272,271,271,271,265,260,257,255,255,255,254,253,250,250,250,249,249,251,248,249,250,249,248,246,245,244,239,239,232,231,232,230,227,226,224,0,N/D,N/D,N/D,N/D,N/D,N/D,N/D,N/D,N/D,N/D,N/D,N/D,N/D,N/D,N/D,N/D,N/D,N/D,N/D,N/D,N/D,N/D,N/D,N/D
"            H-SL Horaria para servicio general en alta tensión, nivel subtransmisión para larga utilización",272,272,275,275,276,276,277,279,282,282,283,286,285,286,285,287,291,295,297,299,301,301,301,304,310,311,309,311,311,310,312,312,313,313,312,315,316,316,316,316,319,320,319,318,315,308,306,302,301,301,295,287,280,279,279,280,279,277,278,276,283,289,289,292,295,290,289,289,288,289,287,287,288,288,289,288,291,292,291,291,289,288,287,288,287,287,285,283,282,280,281,281,279,278,277,277,278,276,279,280,280,283,277,277,275,274,275,275,277,276,273,270,269,270,270,270,270,269,267,267,267,266,266,266,260,255,252,253,254,254,252,251,248,248,248,247,247,249,246,247,248,248,248,245,244,243,238,238,231,230,231,229,226,225,223,0,N/D,N/D,N/D,N/D,N/D,N/D,N/D,N/D,N/D,N/D,N/D,N/D,N/D,N/D,N/D,N/D,N/D,N/D,N/D,N/D,N/D,N/D,N/D,N/D
"            H-SLF Horaria para servicio general en alta tensión, nivel subtransmisión para larga utilización con cargos fijos",0,0,0,0,0,0,0,0,0,0,0,0,0,0,0,0,0,0,0,0,0,0,0,0,0,0,0,0,0,0,0,0,0,0,0,0,0,0,0,0,0,0,0,0,0,0,0,0,0,0,16,18,22,21,21,21,21,22,22,22,16,9,8,6,3,8,8,8,7,7,7,7,7,6,6,5,1,1,2,2,3,3,3,3,3,3,4,5,6,8,8,7,8,7,7,7,7,7,5,4,4,2,5,4,5,5,5,5,5,5,5,6,5,2,2,3,4,5,5,5,5,5,5,5,5,5,5,2,1,1,2,2,2,2,2,2,2,2,2,2,2,1,0,1,1,1,1,1,1,1,1,1,1,1,1,0,N/D,N/D,N/D,N/D,N/D,N/D,N/D,N/D,N/D,N/D,N/D,N/D,N/D,N/D,N/D,N/D,N/D,N/D,N/D,N/D,N/D,N/D,N/D,N/D
"        HT Total Horaria para servicio general en alta tensión, nivel transmisión",40,41,41,41,40,40,40,41,42,41,42,43,42,44,45,45,46,46,47,48,48,49,50,51,50,51,52,52,53,52,51,51,50,50,50,52,51,51,51,51,51,52,46,46,46,48,49,50,49,50,53,53,53,54,53,56,55,57,57,58,57,58,57,56,56,56,55,56,57,58,56,58,58,58,58,58,58,59,59,59,59,61,63,62,63,64,65,68,68,68,70,70,70,70,69,71,73,71,72,70,70,71,73,76,77,78,77,78,79,79,80,81,82,83,83,82,84,86,85,85,85,86,87,88,90,92,96,95,97,100,101,102,102,101,101,101,101,103,104,104,104,104,105,107,106,107,107,105,106,106,106,106,108,109,108,0,N/D,N/D,N/D,N/D,N/D,N/D,N/D,N/D,N/D,N/D,N/D,N/D,N/D,N/D,N/D,N/D,N/D,N/D,N/D,N/D,N/D,N/D,N/D,N/D
"            HT Horaria para servicio general en alta tensión, nivel transmisión",40,41,41,41,40,40,40,41,42,41,42,43,42,44,45,45,46,46,47,48,48,49,50,51,50,51,52,52,53,52,51,51,50,50,50,52,51,51,51,51,51,52,46,46,46,48,49,50,49,50,53,53,52,53,52,55,54,56,56,57,55,56,55,55,55,55,54,55,56,57,55,57,57,57,57,57,58,59,59,59,59,61,63,62,63,64,65,68,68,68,70,70,70,70,69,71,73,71,72,70,70,71,73,76,77,78,77,78,79,79,80,81,82,83,83,82,84,86,85,85,85,86,87,88,90,92,96,95,97,100,101,102,102,101,101,101,101,103,104,104,104,104,105,107,106,107,107,105,106,106,105,105,107,108,107,0,N/D,N/D,N/D,N/D,N/D,N/D,N/D,N/D,N/D,N/D,N/D,N/D,N/D,N/D,N/D,N/D,N/D,N/D,N/D,N/D,N/D,N/D,N/D,N/D
"            HTF Horaria para servicio general en alta tensión, nivel transmisión con cargos fijos",0,0,0,0,0,0,0,0,0,0,0,0,0,0,0,0,0,0,0,0,0,0,0,0,0,0,0,0,0,0,0,0,0,0,0,0,0,0,0,0,0,0,0,0,0,0,0,0,0,0,0,0,1,1,1,1,1,1,1,1,2,2,2,1,1,1,1,1,1,1,1,1,1,1,1,1,0,0,0,0,0,0,0,0,0,0,0,0,0,0,0,0,0,0,0,0,0,0,0,0,0,0,0,0,0,0,0,0,0,0,0,0,0,0,0,0,0,0,0,0,0,0,0,0,0,0,0,0,0,0,0,0,0,0,0,0,0,0,0,0,0,0,0,0,0,0,0,0,0,0,1,1,1,1,1,0,N/D,N/D,N/D,N/D,N/D,N/D,N/D,N/D,N/D,N/D,N/D,N/D,N/D,N/D,N/D,N/D,N/D,N/D,N/D,N/D,N/D,N/D,N/D,N/D
"        H-TL Total Horaria para servicio general alta tensión, nivel transmisión para larga utilización",27,27,27,27,28,28,28,28,28,28,28,28,28,29,29,29,28,28,28,28,28,28,28,27,28,27,27,27,27,27,28,28,28,28,29,27,27,28,28,28,28,28,28,28,28,28,28,28,28,28,28,28,28,28,28,28,27,27,28,28,28,28,28,28,28,28,29,28,28,28,28,28,28,28,28,28,29,28,29,29,29,28,28,27,27,27,26,26,26,26,26,26,26,26,26,27,27,27,27,28,28,27,27,25,26,26,26,26,27,27,28,27,27,27,27,27,27,27,27,27,27,27,27,26,25,25,22,22,20,19,18,18,18,18,18,18,18,18,18,18,18,18,18,18,18,18,18,18,18,18,18,18,18,18,18,0,N/D,N/D,N/D,N/D,N/D,N/D,N/D,N/D,N/D,N/D,N/D,N/D,N/D,N/D,N/D,N/D,N/D,N/D,N/D,N/D,N/D,N/D,N/D,N/D
"            H-TL Horaria para servicio general alta tensión, nivel transmisión para larga utilización",27,27,27,27,28,28,28,28,28,28,28,28,28,29,29,29,28,28,28,28,28,28,28,27,28,27,27,27,27,27,28,28,28,28,29,27,27,28,28,28,28,28,28,28,28,28,28,28,28,28,26,26,25,25,25,25,24,24,25,25,27,27,27,27,27,27,28,27,27,27,27,27,27,27,27,27,29,28,28,28,28,28,28,27,27,27,26,26,26,26,26,26,26,26,26,27,27,27,27,28,28,27,27,25,26,26,26,26,27,27,28,27,27,27,27,27,27,27,27,27,27,27,27,26,25,25,22,22,20,19,18,18,18,18,18,18,18,18,18,18,18,18,18,18,18,18,18,18,18,18,18,18,18,18,17,0,N/D,N/D,N/D,N/D,N/D,N/D,N/D,N/D,N/D,N/D,N/D,N/D,N/D,N/D,N/D,N/D,N/D,N/D,N/D,N/D,N/D,N/D,N/D,N/D
"            H-TLF Horaria para servicio general alta tensión, nivel transmisión para larga utilización con cargos fijos",0,0,0,0,0,0,0,0,0,0,0,0,0,0,0,0,0,0,0,0,0,0,0,0,0,0,0,0,0,0,0,0,0,0,0,0,0,0,0,0,0,0,0,0,0,0,0,0,0,0,2,2,3,3,3,3,3,3,3,3,1,1,1,1,1,1,1,1,1,1,1,1,1,1,1,1,0,0,1,1,1,0,0,0,0,0,0,0,0,0,0,0,0,0,0,0,0,0,0,0,0,0,0,0,0,0,0,0,0,0,0,0,0,0,0,0,0,0,0,0,0,0,0,0,0,0,0,0,0,0,0,0,0,0,0,0,0,0,0,0,0,0,0,0,0,0,0,0,0,0,0,0,0,0,1,0,N/D,N/D,N/D,N/D,N/D,N/D,N/D,N/D,N/D,N/D,N/D,N/D,N/D,N/D,N/D,N/D,N/D,N/D,N/D,N/D,N/D,N/D,N/D,N/D
,,,,,,,,,,,,,,,,,,,,,,,,,,,,,,,,,,,,,,,,,,,,,,,,,,,,,,,,,,,,,,,,,,,,,,,,,,,,,,,,,,,,,,,,,,,,,,,,,,,,,,,,,,,,,,,,,,,,,,,,,,,,,,,,,,,,,,,,,,,,,,,,,,,,,,,,,,,,,,,,,,,,,,,,,,,,,,,,,,,,
Notas:,,,,,,,,,,,,,,,,,,,,,,,,,,,,,,,,,,,,,,,,,,,,,,,,,,,,,,,,,,,,,,,,,,,,,,,,,,,,,,,,,,,,,,,,,,,,,,,,,,,,,,,,,,,,,,,,,,,,,,,,,,,,,,,,,,,,,,,,,,,,,,,,,,,,,,,,,,,,,,,,,,,,,,,,,,,,,,,,,,,,
Información disponible desde 2005.,,,,,,,,,,,,,,,,,,,,,,,,,,,,,,,,,,,,,,,,,,,,,,,,,,,,,,,,,,,,,,,,,,,,,,,,,,,,,,,,,,,,,,,,,,,,,,,,,,,,,,,,,,,,,,,,,,,,,,,,,,,,,,,,,,,,,,,,,,,,,,,,,,,,,,,,,,,,,,,,,,,,,,,,,,,,,,,,,,,,
Para una mejor interpretación de la información se recomienda consultar el reporte con periodicidad mensual.,,,,,,,,,,,,,,,,,,,,,,,,,,,,,,,,,,,,,,,,,,,,,,,,,,,,,,,,,,,,,,,,,,,,,,,,,,,,,,,,,,,,,,,,,,,,,,,,,,,,,,,,,,,,,,,,,,,,,,,,,,,,,,,,,,,,,,,,,,,,,,,,,,,,,,,,,,,,,,,,,,,,,,,,,,,,,,,,,,,,
,,,,,,,,,,,,,,,,,,,,,,,,,,,,,,,,,,,,,,,,,,,,,,,,,,,,,,,,,,,,,,,,,,,,,,,,,,,,,,,,,,,,,,,,,,,,,,,,,,,,,,,,,,,,,,,,,,,,,,,,,,,,,,,,,,,,,,,,,,,,,,,,,,,,,,,,,,,,,,,,,,,,,,,,,,,,,,,,,,,,
"Fuente: Sistema de Información Energética con información de CFE, incluye extinta LyFC.",,,,,,,,,,,,,,,,,,,,,,,,,,,,,,,,,,,,,,,,,,,,,,,,,,,,,,,,,,,,,,,,,,,,,,,,,,,,,,,,,,,,,,,,,,,,,,,,,,,,,,,,,,,,,,,,,,,,,,,,,,,,,,,,,,,,,,,,,,,,,,,,,,,,,,,,,,,,,,,,,,,,,,,,,,,,,,,,,,,,
